name,genotype,animal,slice,neuron_number,Bregma,str_rad,str_lac,ml_pos,position,tot_len,max_plen,bpoints,mpeucl,maxbo,mangleB,mblen,mplen,mbo,wh,wz,chullx,chully,chullz,hull,masym,mparea,dend_vol,span_vol,DV_span,str_lac_overlap,overall_x_span,lin_d,lin_s,nonlin_m,nonlin_meand,nonlin_meank,nl_stc,mature_lin_d,mature_lin_s,mature_nonlin_meand,mature_nonlin_meank,mature_nl_stc,AUC,con_rep,con_rep_onlymorph,Succ_spikes_rad_40Hz,Succ_spikes_both_40Hz,Succ_spikes_rad_100Hz,Succ_spikes_both_100Hz
1_low_10,Wild-Type,1,1,10,360,138.3828476,106.4968687,2,mid_cent,2253.148016,491.4032118,19,0.902841365,13,1.453832887,54.95482966,228.5550688,6.41025641,0.984936567,5.625904082,-7.44E-15,188.6315176,-9.38E-13,2807879.29,0.268002027,0.415518446,29131.52532,505410.9521,390.6295162,376.227153,514.6100006,8624,18068,226,46.28761062,53.07964602,1070,6985,9034,35.80530973,52.98230088,1030,1700,12927.6352041574,12927.6352,41.6675,100,26.667,46.667
1_low_11,Wild-Type,1,1,11,360,130.3816336,86.28196338,2,mid_cent,1393.041327,379.254779,14,0.90749915,8,1.506582181,44.936817,187.4869437,4.689655172,0.537954162,2.299369607,-2E-14,166.1927081,4.67E-14,977810.5691,0.344270016,0.398356096,18450.82818,303147.9679,333.2234996,255.0883676,385.4700012,3769,7342,100,43.37,48.79,459,3022,3667,33.78,48.62,443,1100,8008.66510178584,8008.665102,41.6675,100,26.667,50
1_low_12,Wild-Type,1,1,12,360,118.8466937,94.01090992,2,mid_cent,722.5037438,259.8058361,9,0.904572868,5,1.255089766,34.40494018,113.2004504,2.842105263,0.548999148,2.426297672,-2.35E-14,97.65995042,1.08E-14,290846.7193,0.386507937,0.398532176,12720.73431,185331.9203,207.163267,231.8533033,350.699997,6120,11929,154,47.11038961,51.43506494,735,4912,5971,36.30519481,51.4025974,710,650,4051.31940706171,4051.319407,66.6675,83.3325,33.333,36.667
1_low_16,Wild-Type,1,1,16,360,157.7847851,79.81848563,3,mid_lat,1367.522976,234.2370954,17,0.87143881,13,1.586510559,31.8028599,127.6940211,7.085714286,0.923974854,3.331645741,1.44E-14,101.9295383,5.09E-14,555140.1742,0.257738748,0.400774831,17052.37755,297294.2002,196.4823548,156.7252094,314.5099945,5326,12316,149,44.77181208,54.90604027,711,4415,6158,35.47651007,54.83892617,689,870,7159.07469545716,7159.074695,100,100,50,53.333
1_low_5,Wild-Type,1,1,5,360,143.7016513,75.8514327,1,mid_med,770.3828605,298.7584024,11,0.901505912,9,1.36594353,32.09928169,180.6414297,4.782608696,0.597308678,2.960000102,6.57E-15,159.5252192,1.87E-13,382063.9364,0.278253312,0.398077938,12844.43108,162239.1068,239.3422507,160.2483457,303.949997,4964,9957,117,50.58974359,56.52991453,564,4004,4976,39.05128205,56.36752137,543,530,4431.83234465735,4431.832345,41.6675,100,23.333,50
2_mid_1,Wild-Type,2,2,1,840,78.70640699,48.08781426,1,ant_med,1451.240172,235.8271377,16,0.861826863,10,1.283002895,40.312227,124.7962629,5.333333333,1.274117785,3.259484466,2.1E-14,98.43571976,5.21E-15,718707.0475,0.298207721,0.365291477,17980.32957,219301.395,181.805305,281.3835893,360.0899963,4023,7705,95,48.91578947,53.86315789,454,3216,3853,37.72631579,53.77894737,437,1210,7741.15450935524,7741.154509,100,100,46.667,50
2_mid_2,Wild-Type,2,2,2,840,77.2913828,60.90547926,1,ant_med,1777.744431,277.1936899,19,0.898104362,7,1.187133536,38.64661589,168.4366796,4.102564103,1.008434479,4.962018467,-3.63E-14,145.5146197,2.91E-13,611008.3183,0.350877193,0.365355087,21145.82553,313138.8855,224.0008057,226.1286154,303.4199982,4575,8695,113,48.0619469,51.12389381,545,3626,4349,36.57522124,51.07079646,526,1450,9280.05947270093,9280.059473,83.3325,100,40,63.333
2_mid_8,Wild-Type,2,2,8,840,131.2387011,75.8514327,2,ant_cent,1863.479717,433.053471,18,0.921762846,9,1.410648211,41.41066038,204.3846806,4.486486486,0.593092037,4.146827466,5.28E-14,179.6864871,-4.22E-14,866767.7921,0.328663093,0.377179679,24260.96839,367720.6055,378.7946776,261.5112989,392.75,4043,8420,122,40.87804878,45.50406504,578,3284,4211,31.53658537,45.44715447,559,1480,10630.4135335649,10630.41353,41.6675,100,26.667,50
3_5-exported-000,Wild-Type,3,3,5,360,129.9839313,45.99700762,2,mid_cent,1360.632489,207.4574689,17,0.805507562,13,0.924438897,38.87521397,105.9015948,6.114285714,0.888787643,4.945894424,-3.91E-14,77.23984406,-2.52E-13,260028.6084,0.243109169,0.393685354,17517.71482,142038.0154,169.3385208,229.5900794,382.8000031,3108,6218,86,41.89655172,47.45977011,402,2496,3113,32.57471264,47.35632184,389,1010,6758.59925347706,6758.599253,83.3325,83.3325,36.667,36.667
3_3-exported-000,Wild-Type,3,3,3,360,160.8385987,59.70313829,1,mid_med,1779.057798,282.1029908,23,0.83989339,12,1.380482002,37.06369787,128.033034,6.29787234,0.666324421,1.494384267,1.29E-14,101.1252519,1.08E-12,1054214.346,0.319293778,0.366863553,19441.75814,290613.7275,207.5324184,130.7785223,286.1800079,2633,5873,62,53.42857143,61.95238095,294,2160,2938,41.95238095,61.9047619,284,1090,9102.24373350252,9102.243734,100,100,50,53.333
5_low_10,Wild-Type,5,5,10,360,153.2099237,124.1712496,2,mid_cent,2229.75077,318.4120765,30,0.900317872,11,1.305292204,37.78993423,152.0865844,6.885245902,0.654505014,5.808545082,-2.64E-14,130.3304559,6.85E-14,443040.6392,0.317071922,0.382001608,23563.11712,168814.3285,278.820705,137.9860405,276.9000015,2364,5575,78,35.56962025,46.86075949,356,1960,2785,28.3164557,46.73417722,345,1910,11219.2568238471,11219.25682,100,100,46.667,56.667
5_low_12,Wild-Type,5,5,12,360,155.4014856,104.6676911,3,mid_lat,1920.717028,239.4187915,21,0.912938481,12,1.40518524,45.73135543,115.1247025,6.186046512,0.906463812,8.388997306,-4.71E-14,97.97681373,7.59E-14,341637.8865,0.283302563,0.382740524,21555.35236,219368.281,217.7890764,188.8614782,318.4799957,2366,5104,66,41.50746269,50.67164179,298,1936,2548,32.50746269,50.47761194,287,1590,9583.89100307914,9583.891003,91.6675,100,40,50
5_low_13_2,Wild-Type,5,5,13,360,138.913961,114.611208,3,mid_lat,1518.773308,261.8760105,21,0.852772775,10,1.344587515,35.32030949,112.1245936,6.279069767,1.061634853,4.486428438,2.46E-14,87.19373489,-1.33E-14,466945.2717,0.328316434,0.411980465,18172.43434,99577.22414,191.9179629,252.7825984,405.0299988,1921,4333,66,35.12121212,43.68181818,279,1570,2168,28.04615385,44.27692308,268,1150,7970.10931150216,7970.109312,100,100,43.333,50
5_low_2,Wild-Type,5,5,2,360,129.6185175,76.04508777,1,mid_med,1971.847534,421.079167,23,0.890403753,16,1.322733302,41.9541986,180.8767577,7.914893617,0.997502813,8.491086709,-1.86E-14,147.3645011,1.71E-12,828960.7907,0.254745067,0.387527015,21509.4448,211950.4322,293.7117311,60.4742317,223.6200028,1142,2212,40,33.75,36.725,173,923,1106,25.90243902,35.7804878,166,1410,10962.5092630196,10962.50926,66.6675,100,36.667,53.333
5_low_3,Wild-Type,5,5,3,360,152.2474004,74.45749964,1,mid_med,1344.619531,347.3694505,19,0.9203436,13,1.21832819,32.01474599,168.3065782,6.666666667,0.494536339,4.669133634,1.55E-14,150.4218619,1.2E-13,530973.4103,0.280860295,0.394605336,16283.85075,212612.6452,321.5134591,225.0385174,374.3600006,2785,5760,78,42.83544304,48.43037975,369,2242,2879,32.98734177,48.41772152,354,990,7596.25730845327,7596.257308,58.3325,100,30,53.333
5_low_4,Wild-Type,5,5,4,360,163.1457711,82.53540879,1,mid_med,868.2189787,269.0443296,12,0.890146542,10,1.341003,28.00706383,144.490917,4.96,0.633326475,4.902278476,-1.58E-14,124.7293459,-1.6E-13,255849.0502,0.263319551,0.453381518,13245.67917,82006.50161,247.046347,211.6692255,372.0999908,2266,4248,53,47.24074074,52.22222222,260,1799,2124,36.2037037,52.2037037,251,590,4953.19508647636,4953.195086,75,100,36.667,50
5_low_6,Wild-Type,5,5,6,360,149.3214832,108.2090863,2,mid_cent,1905.674919,346.2871181,23,0.8947822,12,1.444438601,40.54627487,158.3344641,6.255319149,0.461109287,6.492088388,1.22E-14,139.7240131,1.1E-14,380389.7312,0.321858676,0.397470787,20603.74491,109281.2277,316.197388,223.3060772,353.2900085,2636,5702,57,49.20689655,64.74137931,275,2165,2858,39.5862069,64.06896552,264,1610,10169.7518451024,10169.75185,75,100,36.667,56.667
5_low_7,Wild-Type,5,5,7,360,160.4307653,126.0521964,2,mid_cent,2211.772735,341.3941309,26,0.927052962,12,1.406781404,41.73156103,163.0223259,6.603773585,0.692594755,5.54966639,-9.2E-15,145.8197843,-6.94E-16,987567.8996,0.267895993,0.380972878,23866.16689,281719.7849,319.7171802,171.1914001,332.0299988,1675,4091,34,62.14285714,77.05714286,168,1390,2045,50.05714286,76.2,164,1840,12021.6914858554,12021.69149,75,100,36.667,56.667
14_low_right_2,TgDyrk1A,14,6,2,0,124.997639,66.47545934,1,post_med,1119.217353,132.1407459,20,0.872716655,13,1.266225869,25.43675645,71.91605186,6.926829268,1.030995248,2.810058315,-4.62E-14,48.5119281,6.46E-15,180344.0065,0.281240079,0.356253947,60638.04043,123583.7219,126.4659403,19.3360758,190.5200043,1897,3489,49,43.58,46.2,215,763,814,16.16,45.08,181,760,4274.09342790913,5170.943925,58.3325,58.3325,26.667,26.667
14_low_right_3,TgDyrk1A,14,6,3,0,136.187451,71.79234566,1,post_med,620.6784604,126.3125788,11,0.900716488,7,0.932367919,28.21265415,61.24355886,4.086956522,0.759697489,3.213240773,-6.03E-16,47.60400766,3.12E-14,74261.74286,0.36010101,0.354773871,53313.02089,48627.04701,116.8920533,17.1981465,165.420002,1667,3171,43,44.09090909,47.77272727,187,689,738,17.47619048,48.5952381,155,490,2531.71457876414,3029.076226,66.6675,66.6675,33.333,33.333
14_low_right_6,TgDyrk1A,14,6,6,0,166.7235965,99.6479982,2,post_cent,1007.381341,148.1688945,14,0.867996943,9,1.115063072,32.49617006,86.23071411,4.75862069,1.338387402,3.410251323,5.76E-14,63.94671468,2.13E-14,253710.4353,0.325305647,0.343151749,37635.83471,104241.9809,125.2001109,60.6589905,255.6200028,1881,3418,58,36.06779661,38.3220339,247,763,798,13.67241379,37.98275862,198,790,4106.98161552939,4914.215755,75,75,33.333,36.667
14_low_right_7,TgDyrk1A,14,6,7,0,183.368346,109.8273525,2,post_cent,727.308314,143.2415482,10,0.924889704,7,0.943212806,31.62209961,84.35330952,3.714285714,0.831060149,3.450768071,2.77E-14,74.60048846,-8.57E-15,124523.6116,0.345959596,0.407857629,34450.10215,67567.69615,133.2872729,40.1016917,220.9500046,1397,2542,35,42.63888889,46.66666667,159,572,594,16.41666667,45.63888889,131,550,2957.54252526929,3540.348735,75,75,33.333,36.667
14_mid_left_4,TgDyrk1A,14,7,4,0,185.1035721,105.2985081,2,post_cent,1045.538926,257.3338598,13,0.917094894,7,1.111262906,40.21303448,117.8987523,4.296296296,0.534420814,4.326084409,-1.04E-13,105.4013883,-6.38E-14,243216.8915,0.364718615,0.386947496,38372.5806,108566.5706,238.2466978,73.1994805,241.7100067,1669,2914,37,48.05263158,50.68421053,169,651,684,18.24324324,51,144,910,4890.36918002579,5728.17973,50,100,26.667,43.333
14_mid_left_5_single,TgDyrk1A,14,7,5,0,192.1403456,102.4128558,2,post_cent,1877.316655,297.2547533,23,0.905411544,14,1.082826971,39.94290756,140.901027,7.191489362,0.715984798,5.414359043,-2.29E-14,121.0137602,-1.33E-13,532029.1196,0.292646417,0.384356248,37778.02016,200486.6125,274.9224264,40.0610029,193.4599991,1813,3365,42,46.62790698,51.72093023,193,743,787,18.42857143,51.78571429,162,1430,8655.30275209183,10159.63287,41.6675,100,26.667,50
14_mid_left_6_single,TgDyrk1A,14,7,6,0,198.4849459,120.9155435,2,post_cent,1705.356445,296.2258641,23,0.913490575,19,1.296230272,34.80319156,152.32343,9.021276596,0.495861585,3.71752805,-2.3E-14,132.4311891,-2.68E-14,344383.2235,0.188749472,0.378225396,38320.37722,132088.8901,266.3815245,47.5480887,216.7099991,2095,3938,59,39.53333333,43.45,270,858,914,15.25423729,42.94915254,227,1190,7835.85922892636,9202.39431,58.3325,100,30,53.333
17_1-exported-000,TgDyrk1A,17,9,1,360,171.1839285,46.81139397,1,mid_med,932.9703346,221.0357425,8,0.898941157,5,0.942852435,46.64851673,130.7813243,2.823529412,0.537805989,2.67924717,2.45E-14,116.6496328,1E-14,187580.9786,0.40515873,0.420938962,49224.70131,126443.056,199.8908311,163.5523641,288.5500031,2852,5916,98,34.18367347,40.09183673,429,1263,1374,13.97916667,40.36458333,359,730,4208.54075163174,4956.147914,41.6675,83.3325,23.333,36.667
17_5-exported-000,TgDyrk1A,17,9,5,360,148.2218555,43.50929879,2,mid_cent,804.6812546,156.7866942,8,0.902103375,5,0.958700861,47.33419145,84.72058082,2.705882353,1.196557281,3.053407491,-2.71E-14,67.06872323,4.59E-14,325363.5137,0.385416667,0.412255361,34678.08869,78634.56679,135.4845235,67.8325456,204.0199966,2414,4781,82,34.17073171,38.74390244,341,1016,1118,13.69620253,39.88607595,279,640,3641.60368133938,4286.410324,50,58.3325,26.667,26.667
17_6-exported-000,TgDyrk1A,17,9,6,360,194.9610123,59.81076553,2,mid_cent,1720.551857,284.9497093,20,0.910882661,17,1.433153185,37.40330125,150.210921,8.292682927,0.524062817,2.167882465,6.55E-15,131.1221341,5.79E-14,489757.5491,0.2066174,0.370110594,98360.81757,347127.8992,255.0170315,67.1464063,233.8700028,3206,6605,115,32.66956522,38.16521739,492,1385,1538,13.42342342,39.11711712,407,1230,7505.12160154733,8883.833061,58.3325,100,30,53.333
17_8-exported-000,TgDyrk1A,17,9,8,360,180.8483129,51.84926457,3,mid_lat,1437.744087,252.3759648,16,0.907894455,11,1.111338017,39.93733575,137.2717535,5.818181818,0.717052118,2.981779873,1.75E-13,120.6514097,-7.82E-15,521069.9364,0.303790332,0.3815798,106392.1965,205160.5506,220.3384368,50.2116482,233.5799942,2382,4864,57,48.89473684,56.66666667,271,1019,1135,19.42105263,56.21052632,231,1130,6400.94838789178,7553.040514,50,100,26.667,50
18_1-exported-000,TgDyrk1A,18,10,1,360,168.5105262,67.49664084,1,mid_med,1636.435065,232.4058224,16,0.938503515,11,1.469850303,46.75528757,138.0340124,6.303030303,0.61698302,2.685349133,3.69E-14,126.1221938,9.46E-14,491069.2466,0.288715737,0.37948365,76549.30069,250187.6005,218.5747883,154.2817595,332.6399994,4740,9820,152,38.25657895,42.84210526,692,2085,2293,14.80921053,42.24342105,587,1410,7022.52658808297,8333.833636,41.6675,100,26.667,50
18_2-exported-000,TgDyrk1A,18,10,2,360,153.3989962,64.88236072,1,mid_med,1392.286996,239.1423392,13,0.930991442,9,1.166132452,46.40956654,119.635625,5.259259259,0.980137107,2.517811447,-7.63E-14,102.9875955,-5.34E-14,520846.2107,0.316272616,0.39345425,76199.7307,208096.6174,180.5303647,144.0064285,329.1100006,2767,5521,73,48.21917808,50.24657534,328,1159,1286,17.32876712,49.60273973,273,1200,6136.171999586,7251.83848,50,100,26.667,40
18_5-exported-000,TgDyrk1A,18,10,5,360,169.1619104,62.98087683,2,mid_cent,1865.614241,208.6443313,27,0.863181811,11,1.514556037,33.31454002,111.9448799,5.381818182,0.851263209,2.653125823,-1.15E-13,91.87312607,-8.4E-14,667652.3876,0.361243386,0.363655535,108677.8316,293184.0318,202.3986373,142.0196581,334.1600037,1785,3247,57,33.26315789,37.80701754,247,726,759,13.03508772,37.61403509,208,1540,7770.83629719402,9265.789048,58.3325,100,30,40
9_upp_right_1,TgDyrk1A,9,8,1,360,124.997639,84.10190577,1,mid_med,843.5732198,197.4573017,10,0.863532777,8,1.233991557,40.17015215,90.08650567,4.476190476,1.196084467,7.458873667,-3.56E-14,63.69409904,1.08E-14,187083.3983,0.279368687,0.394330989,42667.60656,37601.22333,141.080171,82.3750547,280.8600006,1789,3404,90,23.08888889,25.1,326,751,799,9.23255814,26.24418605,253,610,3892.1997072281,4568.171233,50,50,26.667,26.667
9_upp_right_2_single,TgDyrk1A,9,8,2,360,134.6669711,88.32396985,1,mid_med,1052.915743,173.1211645,13,0.848994543,6,1.277570183,37.6041319,93.17302913,3.481481481,0.938209652,3.19294277,-3.47E-15,72.71952935,1.77E-14,323375.7993,0.38543956,0.350794315,69166.44961,201162.4088,163.4553347,173.1223561,298.1199951,3052,5967,78,47.93589744,50.78205128,362,1258,1393,18.03947368,51.60526316,304,810,4476.18362148399,5319.905358,58.3325,75,26.667,33.333
9_upp_right_3_1,TgDyrk1A,9,8,3,360,144.3650637,100.5299916,1,mid_med,551.8272249,231.912904,5,0.909481285,3,1.424497161,39.41623035,97.47091196,2,0.493065869,4.200722344,6.55E-14,81.41210315,-1E-14,92764.51804,0.433333333,0.409948701,28788.89514,76885.27361,193.9843088,86.2430326,220.9100037,1407,2484,36,41.67567568,44.56756757,151,568,581,17.02941176,47.85294118,124,440,2645.22266903712,3087.41249,50,58.3325,26.667,30
9_upp_right_3_2,TgDyrk1A,9,8,3,360,144.3650637,100.5299916,1,mid_med,2003.331503,318.0104693,23,0.893742355,12,1.296769438,36.42420825,144.5259012,6.85106383,0.77802229,4.408777927,1.13E-14,116.2911038,1.51E-14,662462.1184,0.308684729,0.393076381,104417.7603,339865.0196,242.1102394,155.9549436,300.3200073,2408,4455,51,50.17647059,58.03921569,245,999,1038,20,57.43137255,211,1590,8935.15735562317,10540.46561,58.3325,100,30,50
9_upp_right_4,TgDyrk1A,9,8,4,360,142.6605156,104.8268334,1,mid_med,674.1479794,137.2876854,10,0.916731235,6,1.030084222,25.92876844,72.54784775,3.904761905,1.283714519,8.137863682,6.84E-14,52.94632689,-8.67E-15,88309.24246,0.352424242,0.401388051,36262.63981,39378.50043,113.9722555,139.3494789,282.0099945,3195,6630,79,50.97468354,55.70886076,374,1400,1545,19.83116883,56.5974026,323,550,3033.21289500071,3573.420701,58.3325,58.3325,26.667,26.667
4_2_upp_3_v0,Wild-Type_EE,4,11,2,360,172.6061091,111.2251203,2,mid_cent,3032.119787,296.1776108,39,0.915686845,11,1.323255267,36.53156008,145.4623304,6.17721519,0.534020757,3.372970648,8E-14,131.3646827,2.73E-10,747450.2493,0.339756248,0.373057399,28292.42126,423913.4219,289.6087288,,,,,,,,,,,,,,2500,16267.9497084348,14427.27695,83.3325,100,40,60
6_low_10_santi_v1,Wild-Type_EE,6,12,10,360,103.59396,82.78083304,3,mid_lat,1990.538398,319.3433224,30,0.926101061,17,1.22531822,33.73793386,148.0375415,8.983606557,0.628944046,3.672178044,-8.84E-14,133.001125,-3.68E-14,676073.2235,0.253193733,0.383887661,14163.1029,273531.5286,271.6842239,,,,,,,,,,,,,,1550,11659.8366220243,10451.46413,100,100,50,73.333
6_low_13_santi_v1,Wild-Type_EE,6,12,13,360,102.3323259,79.74946006,3,mid_lat,1144.207608,206.2213113,22,0.873251327,13,1.202823368,22.88415216,88.41150538,7.111111111,0.915179252,4.619336135,9.62E-16,69.91162857,-8.75E-14,385240.0363,0.287118707,0.393741468,9772.722036,210565.6451,188.978311,,,,,,,,,,,,,,870,6666.73648982719,5972.136022,83.3325,83.3325,36.667,40
6_low_2_santi_v2,Wild-Type_EE,6,12,2,360,123.7801047,86.8130768,2,mid_cent,1179.730773,192.9886466,20,0.891408861,15,1.275200759,22.25906742,97.75803182,8.243902439,0.785555428,3.917685497,-1.29E-14,79.2654747,7.11E-14,288253.4105,0.254399623,0.399722269,9192.450296,60487.42109,185.8757096,,,,,,,,,,,,,,930,6782.88285560438,6066.717749,100,100,43.333,50
6_low_3_santi_v1,Wild-Type_EE,6,12,3,360,143.4888225,94.41931121,2,mid_cent,2773.46401,358.733215,41,0.883392986,16,1.168255586,28.01478798,176.6874641,8.819277108,0.530748539,3.832305148,2.49E-14,158.2374757,7.14E-13,1090837.369,0.28792016,0.372227698,21562.33755,269172.1679,341.2667008,,,,,,,,,,,,,,2190,16482.1615403676,14798.50782,91.6675,100,36.667,73.333
6_low_9_santi_v1,Wild-Type_EE,6,12,9,360,118.7680813,80.89413411,2,mid_cent,1693.951322,196.5917207,25,0.935568832,12,1.103813421,30.24913075,108.6213049,6.509803922,0.807447969,3.008231542,-1.56E-15,97.46423598,1.82E-13,460481.7758,0.318804024,0.406488049,13000.59272,201451.6138,185.5036561,,,,,,,,,,,,,,1440,9401.9854825228,8373.658654,100,100,50,56.667
6_upp_2_santi_v1,Wild-Type_EE,6,13,2,-120,93.63702141,76.69507856,1,post_med,932.7484067,179.4399222,16,0.903005411,12,1.49732237,27.43377667,95.1065733,6.121212121,0.918207514,5.249082153,-6.55E-14,77.40186252,9.18E-14,292056.6101,0.274542696,0.437068527,7305.805351,42640.36139,173.1347738,,,,,,,,,,,,,,790,5569.51231414718,5003.279862,100,100,40,43.333
6_upp_3_santi_v1,Wild-Type_EE,6,13,3,-120,117.0232682,84.23420478,1,post_med,1629.729245,231.6365762,29,0.85537908,11,1.138495136,25.86871499,98.89833785,5.491525424,0.620534238,2.527602847,-6.3E-14,81.15175234,-5.12E-14,419645.4995,0.369655504,0.342472126,11571.02191,285846.5526,213.2303982,,,,,,,,,,,,,,1230,9075.28065669632,8085.940384,100,100,50,53.333
6_upp_5_santi_v1,Wild-Type_EE,6,13,5,-120,138.1834404,105.1067704,2,post_cent,2032.898515,339.796381,22,0.933487142,11,1.246552395,44.1934438,165.6245974,5.377777778,0.547841453,3.813909428,-8.28E-14,152.7576215,5.04E-14,699564.4059,0.312502353,0.400158152,17702.8913,279762.6121,312.4343802,,,,,,,,,,,,,,1750,12317.583380316,11083.49588,83.3325,100,40,66.667
7_low_1_santi_v1,Wild-Type_EE,7,14,1,0,83.17964745,79.81848563,1,post_med,1211.406144,226.6152022,14,0.864126492,12,1.296617057,36.70927407,99.8778887,6,1.122861243,4.851770216,2.08E-14,74.52943844,-1.12E-14,452665.9553,0.223654718,0.375776476,11339.36385,203624.3284,180.6687826,,,,,,,,,,,,,,920,7295.46568030889,6560.071813,83.3325,100,40,43.333
7_low_3_santi_v1,Wild-Type_EE,7,14,3,0,116.4403856,99.05552871,2,post_cent,2357.393408,304.9059758,33,0.892065559,17,1.535893119,31.01833299,130.3495771,8.298507463,0.824736091,4.842869504,-7.02E-14,103.90133,9.92E-14,753432.7021,0.261081184,0.358131239,17759.0078,279762.362,261.3828211,,,,,,,,,,,,,,1730,13527.4564499635,12096.38174,100,100,53.333,63.333
7_low_5_santi_v1,Wild-Type_EE,7,14,5,0,135.3207966,106.8573356,2,post_cent,725.3609849,196.0299552,10,0.891087221,6,1.089339522,23.39874145,94.06553199,3.333333333,0.730050661,7.090217091,-2.96E-15,82.62129917,1.2E-13,74311.14801,0.374848485,0.383291846,6647.80721,43340.87779,151.9750508,,,,,,,,,,,,,,590,4284.90507657831,3844.568834,100,100,43.333,43.333
8_low_1_santi_v1,Wild-Type_EE,8,15,1,0,114.8662192,110.1111243,1,post_med,3047.218061,330.564761,47,0.876185587,20,1.294804619,30.47217861,125.150969,8.189473684,0.832416471,4.636596248,4.89E-15,91.8364715,4.1E-14,1486599.886,0.292292022,0.389817906,25033.35735,345645.0595,301.5418385,,,,,,,,,,,,,,2280,17327.5934010373,15477.75509,75,100,36.667,50
8_low_2_santi_v1,Wild-Type_EE,8,15,2,0,136.187451,117.7269456,1,post_med,2189.454861,342.4399921,27,0.919352814,15,1.237181425,41.3104653,164.0341682,7.309090909,0.555921037,4.001081146,-3.12E-14,147.276739,-8.48E-14,955140.4855,0.307311596,0.405959563,16850.1607,285846.5611,313.7374395,,,,,,,,,,,,,,1780,13082.4325075578,11753.30625,100,100,43.333,63.333
8_low_4_santi_v1,Wild-Type_EE,8,15,4,0,162.921438,129.5053923,2,post_cent,3111.167445,512.7921809,41,0.898078798,31,1.024940625,34.95693422,239.0835017,16.55421687,0.698548489,5.775093751,-1.98E-13,212.6353601,-4.63E-13,1584323.318,0.192300665,0.368055116,22269.91775,462099.1131,406.9671306,,,,,,,,,,,,,,2410,19165.2079400766,17276.54882,58.3325,100,30,76.667
8_mid_14_santi_v1,Wild-Type_EE,8,16,14,0,124.437765,73.4125292,3,post_lat,2511.335106,356.1172215,37,0.879680525,14,1.426352314,29.89684531,145.0543246,6.986666667,0.538437,2.703855268,4.01E-14,125.4187485,1.59E-13,1196292.731,0.322367305,0.344508291,18662.81789,484203.1701,320.3597441,,,,,,,,,,,,,,1850,14511.2969457788,12986.77083,100,100,50,66.667
8_mid_5_santi_v0,Wild-Type_EE,8,16,5,0,165.6057658,108.751704,2,post_cent,3470.598479,362.5534164,51,0.893304731,15,1.163101002,29.66323486,145.828861,8.601941748,0.728030135,3.476323769,3.03E-14,121.5170395,2.11E-13,1713577.33,0.306403821,0.370874089,28322.65764,589272.3354,316.0317062,,,,,,,,,,,,,,2730,19826.8483782418,17719.99355,100,100,43.333,56.667
8_mid_7_santi_v0,Wild-Type_EE,8,16,7,0,149.7279671,114.432892,2,post_cent,2012.884806,309.3598109,26,0.929945186,10,1.448441802,32.9981083,170.7317553,5.132075472,0.581204381,3.271026078,-1.6E-14,155.7818443,1.3E-13,727780.4936,0.352881623,0.386684314,15801.72539,517656.0331,273.9216201,,,,,,,,,,,,,,1630,11873.0466778855,10651.10878,83.3325,100,43.333,73.333
8_mid_9_santi_v1,Wild-Type_EE,8,16,9,0,152.8130267,97.01160487,2,post_cent,3344.821213,380.1300682,38,0.907589937,18,1.442549782,40.79050137,171.3127285,9.454545455,0.628202325,3.147454926,-1.2E-14,149.6780066,-1.12E-11,1830284.058,0.270040167,0.389324313,25835.06483,853465.8855,334.7480257,,,,,,,,,,,,,,2690,19341.6460954681,17311.14536,100,100,46.667,70
10_up_2_santi_v1,TgDyrk1A_EE,10,17,2,360,160.4307653,82.33600159,1,mid_med,1878.506279,453.7902128,21,0.888221604,13,1.335390159,38.33686284,203.710301,6.651162791,0.772091188,5.914915227,2.36E-14,170.9004164,-3.94E-13,955588.8421,0.277467704,0.41656921,15014.39074,184229.5113,314.4095692,,,,,,,,,,,,,,1290,9260.69665603269,10575.97614,16.66675,100,16.667,66.667
10_up_4_santi_v0,TgDyrk1A_EE,10,17,4,360,173.3826467,95.36841281,1,mid_med,1044.966409,246.3001342,17,0.924410975,12,1.351137809,29.02684469,132.1676535,5.942857143,0.624138026,11.41396409,2.52E-14,121.2302251,5.71E-13,128351.8522,0.270560149,0.421085328,8515.980342,27911.4265,216.3051384,,,,,,,,,,,,,,820,5071.9569700294,5803.614294,50,100,30,43.333
10_up_6_santi_v1,TgDyrk1A_EE,10,17,6,360,144.4034113,103.0762682,2,mid_cent,996.4028232,343.5786454,17,0.883656436,11,1.207430482,23.17215868,167.7420495,5.771428571,0.302224456,3.603888527,-2.18E-14,148.2720324,1.56E-13,218935.2,0.317296199,0.389510899,8814.325104,119581.3438,310.5854488,,,,,,,,,,,,,,810,5053.17636952846,5750.830779,41.6675,100,26.667,43.333
10_up_7_santi_v1,TgDyrk1A_EE,10,17,7,360,139.98194,115.1864211,2,mid_cent,1108.014315,291.2117262,21,0.918897367,13,1.382799301,22.61253703,130.7433413,6.930232558,0.406316965,6.325737769,2.6E-14,117.9224042,7.66E-13,162706.1458,0.305327849,0.403626385,9037.981034,66161.2023,262.7849496,,,,,,,,,,,,,,790,5412.72545107691,6188.52722,66.6675,100,36.667,46.667
11_3,TgDyrk1A_EE,11,18,3,120,132.377,79.785,2,post_cent,2140.879993,249.5616184,23,0.901627995,9,1.328959776,45.55063815,129.2220326,4.723404255,0.958795868,2.591375851,-1.83E-14,111.3288049,5.8E-14,1123970.731,0.350315264,0.361287612,17750.83017,508351.4584,201.6967325,,,,,,,,,,,,,,1690,8873.89345633604,10372.87994,75,100,36.667,50
11_6,TgDyrk1A_EE,11,18,6,120,138.074,90.749,2,post_cevt,3116.596104,251.8669098,43,0.88362473,11,1.309314596,37.54934704,131.3760064,6,0.834885286,2.846206313,-5.35E-14,112.4424435,9.98E-14,1148792.786,0.315710809,0.370560884,28026.9574,513420.7792,220.3807787,,,,,,,,,,,,,,2510,12303.1585399701,14485.31527,58.3325,100,30,50
11_low_2_santi_v1,TgDyrk1A_EE,11,18,2,120,126.3263813,107.2695716,1,post_med,2273.313464,405.386087,37,0.895989408,14,1.280580149,28.06559586,151.9786984,7.306666667,0.853698095,5.57674332,9.28E-15,125.0207626,1.74E-14,1319716.229,0.287570692,0.355848803,19471.31797,483139.3111,337.6435348,,,,,,,,,,,,,,1680,10452.1589681449,12043.87177,58.3325,100,30,46.667
11_low_7_santi_v1,TgDyrk1A_EE,11,18,7,120,127.4729727,130.3950552,3,post_lat,3253.986424,455.5004751,48,0.885184354,15,1.249310473,33.20394106,186.1436202,7.855670103,1.091782102,5.765067115,4.83E-14,149.0489786,-2.04E-13,1578314.73,0.291227035,0.361908208,26857.36316,748025.1163,292.1527601,,,,,,,,,,,,,,2250,14953.9202225289,17232.27384,41.6675,100,26.667,53.333
12_low_2_santi_v1,TgDyrk1A_EE,12,18,2,0,96.51883899,61.95236708,1,post_med,2643.104932,460.3314317,35,0.8672172,20,1.253810398,34.32603418,183.8640771,9.971830986,1.57000635,14.60868898,-4.21E-15,141.523924,8.34E-13,920074.2251,0.266652941,0.365377582,19944.96366,278367.4683,261.0873859,,,,,,,,,,,,,,1850,12618.6215941183,14469.25247,58.3325,100,30,53.333
12_low_3_santi_v1,TgDyrk1A_EE,12,18,3,0,122.0583002,78.89239256,1,post_med,1636.613382,249.0787269,31,0.915325549,17,1.154807935,23.71903163,125.9219453,8.761904762,0.628614695,6.754490914,4.15E-14,111.3763606,3.34E-13,175438.2634,0.303573272,0.354849732,11752.7321,98018.26349,208.3667681,,,,,,,,,,,,,,1200,6845.44768086294,7991.360321,91.6675,100,40,53.333
12_low_6_santi_v1,TgDyrk1A_EE,12,18,6,0,127.1163406,105.7337527,2,post_cent,2185.14485,359.1464174,32,0.928699172,20,1.289558424,29.9334911,181.2312814,10.55384615,0.557543625,6.695186997,-4.15E-15,164.7591785,3.99E-13,470500.5542,0.26403656,0.403046531,15387.92942,149855.548,293.4431029,,,,,,,,,,,,,,1790,9862.70104640018,11392.68059,50,100,30,56.667
12_upp_4_santi_v1,TgDyrk1A_EE,12,19,4,120,122.5855788,101.1857345,2,post_cent,1811.097894,431.8535852,22,0.90159203,14,1.363479988,36.22195587,166.0493427,6.133333333,0.43047022,3.133136074,-1.71E-14,145.4478084,4.76E-13,911414.2905,0.288820239,0.369000225,14689.17484,544921.4658,391.0222211,,,,,,,,,,,,,,1430,8857.14775647067,10125.22967,58.3325,100,30,50
12_upp_7_santi_v1,TgDyrk1A_EE,12,19,7,120,125.2488154,98.59152349,3,post_lat,1215.516476,327.9462313,17,0.910511178,13,1.038335201,33.76434099,170.1720751,7.2,0.639596081,9.442618687,3.27E-14,149.3270729,9.05E-13,210219.9101,0.260728511,0.357468554,10118.2889,68887.72947,264.8075088,,,,,,,,,,,,,,950,5951.19875854014,6802.270764,41.6675,100,26.667,50
12_upp_9_1_santi_v1,TgDyrk1A_EE,12,19,9_1,120,117.5026125,94.32152499,3,post_lat,1138.549223,349.8811551,14,0.903871837,11,1.252707698,33.48673892,173.3978486,5.724137931,0.649361964,6.352199582,1.7E-14,150.6644402,1.27E-13,393042.9056,0.269922736,0.399648825,10086.48907,175885.2372,270.4304961,,,,,,,,,,,,,,890,5727.46804898643,6524.649525,41.6675,100,23.333,43.333
12_upp_9_2_santi_v1,TgDyrk1A_EE,12,19,9_2,120,117.5026125,94.32152499,3,post_lat,2203.078726,392.7144255,28,0.905021613,17,0.968964161,38.65050045,171.3795239,8.280701754,0.563260843,5.25547681,-8.09E-14,149.2326285,3.65E-12,641133.4384,0.274871959,0.401906091,17242.29123,236381.2102,329.2584314,,,,,,,,,,,,,,1690,10429.5612214642,11972.09751,58.3325,100,30,53.333
